{"lists_url": "https://www.104.com.tw/jobbank/joblist/joblist.cfm?jobsource=n104bank1&ro=0&jobcat=2007001011&order=2&asc=0&page=1", "total_pages": 8, "lists_title": "BIOS工程師", "job_lists": [{"title": "BIOS工程師", "url": "https://www.104.com.tw/job/?jobno=4dz0k&jobsource=104_hotorder", "company": "倫飛電腦實業股份有限公司", "content": "1.新專案BIOS研發\n2.舊機種BIOS的支援服務及維護\n3.除錯.添加客製化功能", "tools": "C、C++", "skills": "不拘", "post_date": "更新日期：2017-07-12", "other_condition": "1.X86、PC架構有深度瞭解。\n2.熟AMI BIOS、C、C++程式語言。\n3.可獨立開發專案。"}, {"title": "BIOS 研發工程師_6448", "url": "https://www.104.com.tw/job/?jobno=56i2l&jobsource=n104bank1&hotjob_chr=", "company": "和碩集團_和碩聯合科技股份有限公司", "content": "BIOS 韌體程式撰寫與除錯", "tools": "不拘", "skills": "不拘", "post_date": "更新日期：2017-07-17", "other_condition": "未填寫"}, {"title": "BIOS高工/工程師_67600", "url": "https://www.104.com.tw/job/?jobno=4u6by&jobsource=n104bank1&hotjob_chr=", "company": "Shuttle_浩鑫股份有限公司", "content": "1.Bring up system, debug, porting functions and features.\n2.Porting Intel new generation product, NB, and Tablet", "tools": "不拘", "skills": "不拘", "post_date": "更新日期：2017-07-17", "other_condition": "1.熟PC x86架構，具uEFI開發經驗\n2.有開發Notebook及Tablet經驗\n3.可配合加班"}, {"title": "BIOS副理_67600", "url": "https://www.104.com.tw/job/?jobno=5iqzg&jobsource=n104bank1&hotjob_chr=", "company": "Shuttle_浩鑫股份有限公司", "content": "1.Bring up system, debug, porting functions and features.\n2.Porting Intel new generation product, NB, and Tablet", "tools": "不拘", "skills": "不拘", "post_date": "更新日期：2017-07-17", "other_condition": "1.熟PC x86架構，具uEFI開發經驗\n2.熟悉AMI Aptio BIOS source 與ACPI 規格\n3.有開發Notebook及Tablet經驗\n4.可配合加班"}, {"title": "資深BIOS工程師(台北)", "url": "https://www.104.com.tw/job/?jobno=3us7r&jobsource=n104bank1&hotjob_chr=", "company": "研揚科技股份有限公司", "content": "1.開發並維護uEFI BIOS韌體\n2.開發可重複利用的BIOS核心模組\n3.開發連結韌體及軟體的產品加值功能", "tools": "C", "skills": "不拘", "post_date": "更新日期：2017-07-17", "other_condition": "精通AMI Aptio架構,ACPI規格,UEFI規格\n有ODM專案經驗為佳"}, {"title": "NB BIOS 研發工程師", "url": "https://www.104.com.tw/job/?jobno=5gjcv&jobsource=n104bank1&hotjob_chr=", "company": "台灣力高創科有限公司", "content": "1. 需熟悉軟體: MS Virtual studio 2017, C language\n2. 具備4~6 年BIOS 設計經驗\n3. 熟悉Insyde code\n4. 基本Office 軟體操作\n5. 態度積極 肯學習 主動負責 抗壓性高\n6. 具 BIOS code debug capability", "tools": "C、C++、Visual Studio", "skills": "BIOS工程規格及流程撰寫、BIOS程式研發、BIOS程式偵錯與維護", "post_date": "更新日期：2017-07-17", "other_condition": "未填寫"}, {"title": "BIOS Validation Program Manager", "url": "https://www.104.com.tw/job/?jobno=57d6u&jobsource=n104bank1&hotjob_chr=", "company": "智誠科技服務股份有限公司", "content": "This position requires a knowledgeable and experienced BIOS validation PM/Test Lead, with responsibilities to include the delivery of the BIOS Firmware qualification through the planning and execution of Commercial Desktop functional test process, in order to meet customer requirements while ensuring the highest quality Commercial products. \nThe position will be responsible for understanding the BIOS specification, developing project level test strategy and test planning, providing ODM test execution oversight and direction, execution of test audit, support for critical issue characterization and debug, understanding and maintaining issue tracking through the appropriate records database, and tracking project qualification progress and status for the R&D product development team and management.", "tools": "不拘", "skills": "不拘", "post_date": "更新日期：2017-07-17", "other_condition": "Bachelor's Degree in a relevant engineering field; Electrical, Computer, Technology.\nKnowledge of computer and BIOS architecture,\nKnowledge of Intel and AMD chipset and microprocessor architecture, technology, features, and designs,\nFamiliarity with validation methodology, processes, and tools.\nAbility to exercise independent judgment, work within defined policies and practices, determine best method for accomplishing work and achieving objectives.\nAppropriate project management skills necessary to successfully deliver project qualification objectives while effectively engaging with ODM partners,\nApplies appropriate risk management skills - understands risk concepts, assesses risk qualitatively, and uses relevant techniques to measure performance and progress of ODM partners in order to mitigate risk to deliverables,\nStrong commitment to excellence, dedication, team player, self-motivation, and with good communication skills.\nMust have good English communication skills (verbal and written)."}, {"title": "W資深BIOS工程師", "url": "https://www.104.com.tw/job/?jobno=4qxbi&jobsource=n104bank1&hotjob_chr=", "company": "晶達光電股份有限公司", "content": "1. 開發、維護主機板Legacy / UEFI BIOS 程式。2. 導入主機板相關零件控制方法。3. 負責BIOS程式偵錯與問題解決。4. 回覆客戶或相關部門BIOS技術問題。5. 協助FAE（field application engineer）解決問題。", "tools": "不拘", "skills": "不拘", "post_date": "更新日期：2017-07-17", "other_condition": "1. 熟PC架構, C/C++, 或 Assembly2. 具Legacy/UEFI BIOS經驗，熟AMI UEFI BIOS者佳3. 至少在 IPC 領域有2 年工作經驗"}, {"title": "BIOS 工程師", "url": "https://www.104.com.tw/job/?jobno=57n84&jobsource=n104bank1&hotjob_chr=", "company": "威強電工業電腦股份有限公司", "content": "x86系統BIOS設計開發", "tools": "Excel、Outlook、PowerPoint、Word、中文打字20~50、英文打字20~50", "skills": "不拘", "post_date": "更新日期：2017-07-14", "other_condition": "1．熟悉C語言，同時熟悉組合語言更佳.2．具Legacy/uEFI BIOS開發相關經驗 or 至少 1 年 firmware 開發經驗者尤佳。3．熟悉C/C++ or Assembly Language, PC Hardware Architecture4．熟悉X86系統架構並能理解硬體線路圖."}, {"title": "NB Bios Engineer / 軟體工程師", "url": "https://www.104.com.tw/job/?jobno=3k3w4&jobsource=n104bank1&hotjob_chr=", "company": "香港商聯寶電腦有限公司台灣分公司", "content": "1. 負責軟體分析、設計以及程式撰寫。\n2. 規劃執行軟體架構及模組之設計，並控管軟體設計進度。\n3. 進行軟體測試與修改。\n4. NB產品BIOS/相關韌體設計與開發。", "tools": "C、C++、Java", "skills": "不拘", "post_date": "更新日期：2017-07-14", "other_condition": "1. 電機電子工程相關、資訊工程相關.\n2. 具備1-3年NB BIOS軟體設計或相關產品軟/韌體設計經驗佳 (無經驗可).\n3. 熟悉X86、組合語言及C語言.\n4. 英文溝通能力佳.\n5. 能配合短期出差."}, {"title": "NB Software Engineer / 軟體工程師", "url": "https://www.104.com.tw/job/?jobno=5es51&jobsource=n104bank1&hotjob_chr=", "company": "香港商聯寶電腦有限公司台灣分公司", "content": "1. 負責軟體之分析、設計以及程式撰寫。\n2. 規劃執行軟體架構及模組之設計，並控管軟體設計進度。\n3. 進行軟體之測試與修改。\n4. NB產品BIOS/相關韌體之設計與開發。", "tools": "C", "skills": "不拘", "post_date": "更新日期：2017-07-14", "other_condition": "1. 電機電子工程相關、資訊工程相關、電機電子工程相關\n2. 具備1年以上NB BIOS軟體設計或相關產品軟/韌體設計經驗.\n3. 熟悉X86、組合語言及C語言\n4. 英文溝通能力佳\n5. 能配合短期出差"}, {"title": "軟韌體工程師", "url": "https://www.104.com.tw/job/?jobno=4qshu&jobsource=n104bank1&hotjob_chr=", "company": "力浦電子實業股份有限公司", "content": "1.負責軟韌體程式撰寫與測試。2.於既有的產品上進行軟韌體的維護與新增功能。", "tools": "C、C++", "skills": "不拘", "post_date": "更新日期：2017-07-14", "other_condition": "未填寫"}, {"title": "《研發-SW》BIOS高級工程師(外派-深圳)", "url": "https://www.104.com.tw/job/?jobno=44d77&jobsource=n104bank1&hotjob_chr=", "company": "立端科技股份有限公司", "content": "1. Maintain Legacy/UEFI BIOS Projects.\n2. Co-work and debug BIOS issues among hardware/firmware/software engineering.\n3. Implement BIOS feature for customer request.", "tools": "不拘", "skills": "不拘", "post_date": "更新日期：2017-07-14", "other_condition": "1.具跨部門溝通能力並能發揮團隊合作精神者。\n2.具問題解決能力，能站在公司及客戶的立場思考，讓雙方達雙贏之局面者。\n3.主動積極、具正向思考、做事細心、有耐心且可獨立作業者。\n4. C、C++、Assembly語言撰寫能力."}, {"title": "Server BIOS工程師", "url": "https://www.104.com.tw/job/?jobno=4ti6p&jobsource=n104bank1&hotjob_chr=", "company": "永擎電子股份有限公司", "content": "從事Server主機板BIOS撰寫及修改工作。1. 開發、維護以及改善主機板BIOS 程式。 2. 導入主機板相關零件控制方法。3. 負責BIOS程式偵錯與問題解決。 4. 回覆客戶或相關部門BIOS技術問題。 5. 協助FAE（field application engineer）解決問題。 6. 與客戶溝通客製化需求、時程安排", "tools": "C#、C++", "skills": "BIOS程式研發、軟體工程系統開發", "post_date": "更新日期：2017-07-14", "other_condition": "1.熟Windows/Linux AP, Driver.2.具備軟體撰寫工作經驗者優先面試"}, {"title": "Server BIOS 測試工程師", "url": "https://www.104.com.tw/job/?jobno=4ti62&jobsource=n104bank1&hotjob_chr=", "company": "永擎電子股份有限公司", "content": "1.規劃測試計畫與測試案例（test case）。2.測試與驗證系統功能、相容性、效能、壓力承載、可靠度等。3.建立測試環境，撰寫、維護、改善測試程式。4.分析測試資料、釐清問題、提出改善建議，並撰寫測試報告。5.維護相關測試設備。", "tools": "不拘", "skills": "不拘", "post_date": "更新日期：2017-07-14", "other_condition": "未填寫"}, {"title": "(MR11-B065) BIOS工程師", "url": "https://www.104.com.tw/job/?jobno=477q3&jobsource=n104bank1&hotjob_chr=", "company": "新漢股份有限公司", "content": "1. 工業電腦產品及專案的BIOS開發。\n2. 維護與改善已量產的產品和機種。", "tools": "不拘", "skills": "不拘", "post_date": "更新日期：2017-07-14", "other_condition": "1. 工程學科、資訊工程相關科系畢。\n2. 對本工作有興趣者，無經驗可。"}, {"title": "Server 資深BIOS工程師(桃園)", "url": "https://www.104.com.tw/job/?jobno=3yxhq&jobsource=n104bank1&hotjob_chr=", "company": "Inventec_英業達股份有限公司", "content": "- Server platform UEFI/BIOS coding, porting, debug, problem-solving and maintenance.- UEFI/BIOS Functions research and development - Provide Customer service on server platform UEFI/BIOS design field.- Program Team Communication and Project Management", "tools": "不拘", "skills": "不拘", "post_date": "更新日期：2017-07-14", "other_condition": "熟悉AMI Code Base - Aptio V"}, {"title": "BIOS韌體高級工程師", "url": "https://www.104.com.tw/job/?jobno=5di0v&jobsource=n104bank1&hotjob_chr=", "company": "Inventec_英業達股份有限公司", "content": "1. Intel x86 CPU board bring-up 2. BIOS firmware development (UEFI) & FW and document release3. Issue analysis/debugging and feature behavior clarification4. Know-how of BIOS basic features (EX: ACPI, SMBIOS, GPIO, I2C, PCIe and so on) and ME config.", "tools": "Linux、C", "skills": "不拘", "post_date": "更新日期：2017-07-14", "other_condition": "未填寫"}, {"title": "Server UEFI/BIOS 設計工程師(桃園)", "url": "https://www.104.com.tw/job/?jobno=j51&jobsource=n104bank1&hotjob_chr=", "company": "Inventec_英業達股份有限公司", "content": "- Server platform UEFI/BIOS coding, porting, debug, problem-solving and maintenance.- UEFI/BIOS Functions research and development - Provide Customer service on server platform UEFI/BIOS design field.", "tools": "C、C++、Visual Studio、Assembly", "skills": "BIOS程式研發、BIOS程式偵錯與維護、韌體程式設計、微電腦軟體設計", "post_date": "更新日期：2017-07-14", "other_condition": "了解 x86 Computer Architecture and Organization英文佳，了解x86 PC架構，有C/Assembly程式寫作經驗, UEFI經驗佳"}, {"title": "Server UEFI/BIOS leader(桃園)", "url": "https://www.104.com.tw/job/?jobno=32a8z&jobsource=n104bank1&hotjob_chr=", "company": "Inventec_英業達股份有限公司", "content": "- Server platform UEFI/BIOS coding, porting, debug, problem-solving and maintenance.- UEFI/BIOS Functions research and development - Provide Customer service on server platform UEFI/BIOS design field.- Program Team Communication and Project Management", "tools": "C、C++、Visual Studio、Assembly", "skills": "BIOS程式研發、BIOS程式偵錯與維護、韌體程式設計、微電腦軟體設計", "post_date": "更新日期：2017-07-14", "other_condition": "熟悉　ARM or x86 Computer Architecture and Organization, Data StructureUEFI Design 經驗英文佳，熟悉伺服器架構，三年以上有OEM/ODM客戶服務及專案開發經驗者佳"}, {"title": "[MS] Software Development Engineer(微軟RD約聘人員)-105JP", "url": "https://www.104.com.tw/job/?jobno=4mz2q&jobsource=n104bank1&hotjob_chr=", "company": "萬寶華企業管理顧問股份有限公司", "content": "You have chance to work on the latest Windows /Phone platform, latest Windows IoT Core, Azure Cloud and the latest IoT devices. Your main activities are- Working on Universal World Platform (UWP) application and UI design- Working on latest HTML technology, Web service and Web app etc.- Working with partners on Windows driver development in the Wireless, Storage, Camera, Sensors and Audio etc areas..- Working with partners on BIOS/UEFI area to bring up new platform- Working with partners on end to end solution in the IoT and Microsoft Azure.- Working with partners on bringing up embedded system and IoT platform.- Debug issues and drive issue to final resolution. - Deliver training/workshop to enable partners on developing Windows Drivers and platform bring up.", "tools": "不拘", "skills": "不拘", "post_date": "更新日期：2017-07-14", "other_condition": "Requirements:• At least 3 years Windows application development, Windows driver development and BIOS/UEFI experiences on Windows/Windows Phone Platform.• Familiar with Windows debug tools e.g. WHCK, ADK, Windbg • Strong issues analysis and debugging skill• Good understanding on Windows kernel, WDM/KMDF/UMDF• Cross-group communication and collaboration skills with internal and external partners• Knowledge on embedded system, IoT and Windows driver development in Wireless, Storage Camera, Sensors and Audio, and BIOS, UEFI or Board/Phone bring-up is a plus• Required: BA/BS degree in Computer Science or a related technical discipline."}, {"title": "BIOS工程師_6558", "url": "https://www.104.com.tw/job/?jobno=5ibqk&jobsource=n104bank1&hotjob_chr=", "company": "和碩集團_和碩聯合科技股份有限公司", "content": "BIOS Porting on DT/AIO with C language", "tools": "不拘", "skills": "不拘", "post_date": "更新日期：2017-07-13", "other_condition": "未填寫"}, {"title": "BIOS工程師_6408", "url": "https://www.104.com.tw/job/?jobno=5ep9e&jobsource=n104bank1&hotjob_chr=", "company": "和碩集團_和碩聯合科技股份有限公司", "content": "BIOS Porting on DT/AIO with C language", "tools": "不拘", "skills": "不拘", "post_date": "更新日期：2017-07-13", "other_condition": "未填寫"}, {"title": "BIOS研發工程師_6293", "url": "https://www.104.com.tw/job/?jobno=5c1mk&jobsource=n104bank1&hotjob_chr=", "company": "和碩集團_和碩聯合科技股份有限公司", "content": "1.BIOS programming (in C/C++ language)2.Noteboot project3. NB IOS functions implement, UEFI porting4.BIOS, UEFI, System Tools development", "tools": "不拘", "skills": "不拘", "post_date": "更新日期：2017-07-13", "other_condition": "未填寫"}, {"title": "BIOS 韌體工程師_6563", "url": "https://www.104.com.tw/job/?jobno=5iqdw&jobsource=n104bank1&hotjob_chr=", "company": "和碩集團_和碩聯合科技股份有限公司", "content": "開發與維護專案 BIOS 韌體。", "tools": "不拘", "skills": "不拘", "post_date": "更新日期：2017-07-13", "other_condition": "未填寫"}, {"title": "韌體工程師_6539", "url": "https://www.104.com.tw/job/?jobno=5hjx4&jobsource=n104bank1&hotjob_chr=", "company": "和碩集團_和碩聯合科技股份有限公司", "content": "-從事主機板BIOS撰寫及修改工作。-規劃及執行產品控制單元之設計、產品韌體之撰寫與量產產品韌體之維護，並進行產品韌體之測試，控管韌體設計之進度、品質與成本。-負責軟體的分析、設計、程式撰寫與維護，並進行軟體的測試與修改，以及控管軟體設計進度。", "tools": "不拘", "skills": "不拘", "post_date": "更新日期：2017-07-13", "other_condition": "C language、Word、PowerPoint、Excel"}, {"title": "BIOS 研發工程師_6590", "url": "https://www.104.com.tw/job/?jobno=5j6ix&jobsource=n104bank1&hotjob_chr=", "company": "和碩集團_和碩聯合科技股份有限公司", "content": "BIOS Porting on DT/AIO with C language", "tools": "不拘", "skills": "不拘", "post_date": "更新日期：2017-07-13", "other_condition": "科系： 資工/資科/電機/電子/電信/電控/數學/應數"}, {"title": "BIOS工程師_6383/6624", "url": "https://www.104.com.tw/job/?jobno=5e0tb&jobsource=n104bank1&hotjob_chr=", "company": "和碩集團_和碩聯合科技股份有限公司", "content": "從事主機板BIOS撰寫及修改工作。 - 規劃及執行產品控制單元之設計、產品韌體之撰寫與量產產品韌體之維護，並進行產品韌體之測試，控管韌體設計之進度、品質與成本。 - 負責軟體的分析、設計、程式撰寫與維護，並進行軟體的測試與修改， 以及控管軟體設計進度。", "tools": "不拘", "skills": "不拘", "post_date": "更新日期：2017-07-13", "other_condition": "熟悉C / C++ / Word / power point / excel"}, {"title": "嵌入式系統工程師", "url": "https://www.104.com.tw/job/?jobno=5gxad&jobsource=n104bank1&hotjob_chr=", "company": "鐳揚創智科技股份有限公司", "content": "1、負責Router/WiFi晶片驅動程式設計開發。\n2、負責Linux kernel相關應用與開發。\n3、負責Router/WiFi晶片平台開發。", "tools": "Linux、Android、C、C++、Assembly、Drivers、Firmware", "skills": "不拘", "post_date": "更新日期：2017-07-13", "other_condition": "1、有driver或kernel (任何operating system) 或embedded system 開發相關經驗。\n2、熟悉Embedded Linux openwrt 。\n3、熟悉ARM、MISP或其他RISC CPU架構。\n4、有DTV or STB or Router or WiFi晶片驅動或其系統軟體開發經驗。\n5、有平台架構規畫、評估與IC驗證經驗。\n6、有性能優化與除錯設計經驗。\n7. 系統之韌體程式開發設計 \n8. 熟悉聯發科 7688 晶片開發相關經驗"}, {"title": "system software engineer", "url": "https://www.104.com.tw/job/?jobno=4ksi9&jobsource=n104bank1&hotjob_chr=", "company": "晶心科技股份有限公司", "content": "我們是晶心科技軟體設計部系統整合組\n公司致力於開發32/64位元處理器為核心的系統晶片設計平台\n\n系統整合組的主要工作內容為\n1. Linux and RTOS kernel development, porting, optimization to Andes architecture\n2. OS driver development\n3. Auto build/test system development\n4. glibc/uclibc/musl development\n5.     System performance evaluation\n6.     Debugging module development\n7.     OpenWRT/Application porting and optimization", "tools": "Linux、Shell、UNIX、C、C++、Perl、Python、Assembly、Drivers、Firmware、VM", "skills": "作業系統基本操作、BIOS工程規格及流程撰寫、BIOS程式研發、BIOS程式偵錯與維護、系統架構規劃、系統整合分析、韌體工程開發、網路資料傳輸、通訊工程技術開發、無線通訊技術開發、功能測試(function test)、軟體整合測試、無線通訊模組測試、硬體整合測試、韌體整合測試、壓力測試(stress test)、軟體程式設計、韌體程式設計、網路程式設計、模組化系統設計", "post_date": "更新日期：2017-07-13", "other_condition": "具備glibc/uclibc/musl tls nptl, python, RTOS, Linux kernel memory management, system bringup or device driver開發經驗者加分"}, {"title": "新幹班-D01-韌體設計工程師(土城)", "url": "https://www.104.com.tw/job/?jobno=4qjqj&jobsource=n104bank1&hotjob_chr=", "company": "鴻海精密工業股份有限公司", "content": "1.EFI BIOS develop2.BIOS Customize feature implement3.OEM e-Module function implement", "tools": "不拘", "skills": "不拘", "post_date": "更新日期：2017-07-13", "other_condition": "★工作經驗2年以下或應屆畢業生★1.技能：熟悉 C/C++ 語言、 x86組合語言2.基礎知識：對PC架構熟悉;有基本的電子電路知識,能研讀晶片規格書 3.其它： 中/英文聽說讀寫"}, {"title": "BIOS工程師/高級工程師", "url": "https://www.104.com.tw/job/?jobno=48wav&jobsource=n104bank1&hotjob_chr=", "company": "磐儀科技股份有限公司", "content": "1. 專案的BIOS研發及維護 \n2. 應用程式或測試工具的撰寫及維護\n3. 替客戶解決問題 \n4. 完成主管交代任務\n\n職務需求：\n1. 具Legacy / UEFI BIOS 開發經驗者佳\n2. 熟悉Windows等作業系統及電腦架構\n3. 溝通協調、應變表達與學習力強\n4. 配合度高、細心負責且抗壓性高\n5. 可獨立作業者佳", "tools": "C、C++、Assembly", "skills": "BIOS工程規格及流程撰寫、BIOS程式研發、BIOS程式偵錯與維護", "post_date": "更新日期：2017-07-13", "other_condition": "未填寫"}, {"title": "BIOS 資深工程師", "url": "https://www.104.com.tw/job/?jobno=31vca&jobsource=n104bank1&hotjob_chr=", "company": "英屬維京群島商百崴宇智股份有限公司台灣分公司", "content": "1. 開發、維護主機板 BIOS 程式。\n2. 負責 BIOS 程式偵錯與問題解決。\n3. 回覆客戶或相關部門BIOS技術問題。", "tools": "不拘", "skills": "不拘", "post_date": "更新日期：2017-07-13", "other_condition": "1. 熟PC架構, C/C++, 或 Assembley\n2. 需具備BIOS開發經驗.\n3. 具 UEFI / Award BIOS 或 AMI BIOS 經驗者佳."}, {"title": "(MR11-B065) BIOS高級工程師/技術副理", "url": "https://www.104.com.tw/job/?jobno=3qtpw&jobsource=n104bank1&hotjob_chr=", "company": "新漢股份有限公司", "content": "1. 工業電腦產品及專案的BIOS開發。\n2. 維護與改善已量產的產品和機種。", "tools": "不拘", "skills": "不拘", "post_date": "更新日期：2017-07-13", "other_condition": "1. C/C++。\n2. 熟AMI UEFI BIOS 者佳。"}, {"title": "(IR40-B039) BIOS技術副理 -IBG", "url": "https://www.104.com.tw/job/?jobno=3ymdx&jobsource=n104bank1&hotjob_chr=", "company": "新漢股份有限公司", "content": "工業電腦產品BIOS開發及維護。", "tools": "不拘", "skills": "不拘", "post_date": "更新日期：2017-07-13", "other_condition": "1. 6年以上BIOS開發經驗。\n2. 具AMI EFI BIOS開發經驗者。\n3. 具備獨力完成BIOS規劃及Project執行之能力者。"}, {"title": "軟體研發--Bios工程師", "url": "https://www.104.com.tw/job/?jobno=5a9u4&jobsource=n104bank1&hotjob_chr=", "company": "智邦科技股份有限公司", "content": "1.AMI UEFI BIOS development and debugging.2.Clarify uncertain issue among hardware, software, BIOS and firmware.3.Able to study new technical spec. and provide solutions accordingly.", "tools": "不拘", "skills": "不拘", "post_date": "更新日期：2017-07-13", "other_condition": "Familiar with x86 system BIOS architecture experience."}, {"title": "【BIOS】BIOS Engineer(中和)-TC15289", "url": "https://www.104.com.tw/job/?jobno=26m9g&jobsource=n104bank1&hotjob_chr=", "company": "Super Micro Computer, Inc._美超微電腦股份有限公司", "content": "1.Clarify uncertain issue among hardware, software, BIOS and firmware.2.Maintain Legacy/UEFI BIOS source codes used in company.3.Develop UEFI BIOS for motherboards kicking off by company.4.Save source codes to SVN database per company security requirement.5.Coordinate with hardware engineers and vendors to narrow down issues and pursue the goals of the project.6.Respond to customer BIOS issue and perform other BIOS projects as assigned by manager.", "tools": "不拘", "skills": "不拘", "post_date": "更新日期：2017-07-13", "other_condition": "1.Bachelor of Computer Science and BIOS Programming/Development."}, {"title": "【BIOS】Software Engineer(中和)-TC16260", "url": "https://www.104.com.tw/job/?jobno=3z0wh&jobsource=n104bank1&hotjob_chr=", "company": "Super Micro Computer, Inc._美超微電腦股份有限公司", "content": "Essential Duties and Responsibilities:\n1.Develop application tools and test infrastructure to verify BIOS and IPMI features and functions implemented on each kinds of X86 based main boards automatically.  \n2.Design Web GUI interfaces to let engineers set test configuration and start UUT test easily, and manager or engineers can monitor all of test statuses and reports locally or remotely via this interfaces validly.", "tools": "不拘", "skills": "不拘", "post_date": "更新日期：2017-07-13", "other_condition": "Qualifications:\n1.C, Shell script, Windows batch. \n2.Windows and Linux installations and operations.\n3.Develop CLI and GUI application tools running in DOS, Windows, Linux and UEFI shell platforms.\n4.Test BIOS/IPMI functions\n5.Access of IO, memory and PCI configuration space \n6.SMBIOS, PCI, UEFI, IPMI specifications"}, {"title": "BIOS (資深)工程師 工作地點 – 林口或內湖", "url": "https://www.104.com.tw/job/?jobno=ea5g&jobsource=n104bank1&hotjob_chr=", "company": "Advantech_研華股份有限公司", "content": "ABLE Club從「心」出發落實研華美滿人生研華ABLE Club─美滿人生俱樂部中的「ABLE」一字，象徵的是Advantech Beautiful LifE，研華員工不只是樂在工作，從中獲得滿滿的成就感和認同感；在工作之餘，也能藉由ABLE Club豐富而多采多姿的活動，將「愛」與家人、同事、和其他社福團體分享，把幸福快樂的氛圍從自身散發出去，逐漸感染整個社會。透過福委會和社團精心設計的各種活動，我們的愛從研華擴及到了研華眷屬；透過服務他人、利他的服務活動，我們的愛心無遠弗屆，傳遞到社會的每個角落；透過基金會產學合作平台，我們用愛灌溉社會的青年幼苗，讓他們逐漸長成枝繁葉茂的高聳樹木，用所學回饋社會；透過研華ABLE Club，我們的愛成就了研華人的美滿人生，無私的愛心也就此傳送出去，讓更多人一起迎向美滿的人生!◆ 分紅/配股1.員工紅利: 個人績效獎金、團體績效獎金◆ 獎金/禮品類1.年終獎金2. 端午節及中秋節禮品3. 生日禮金4. 推薦人才獎金◆ 保險類1.勞保2.健保3.團體保險：壽險、意外險、意外醫療險、住院險、重大疾病險、癌症險、職業災害險◆ 休閒類1.客制化的員工福利制度, 包括國內旅遊、國外旅遊、電影欣賞、雜誌訂閱、餐券及住宿券等2.部門聚餐補助金3.每季慶生會4.社團活動5. 藝文欣賞6. 每日tea time, 提供無限暢飲飲料◆ 制度類1.客觀的績效評核制度2.完整的教育訓練3.順暢的升遷管道◆ 設備類1.員工餐廳◆ 請 / 休假制度1.週休二日2.特休/年假3. 一年五天不扣薪病假◆ 其他1.年度健康檢查2.特約商店◆ 補助類1. 結婚禮金2. 生產禮金3. 住院禮金", "tools": "不拘", "skills": "不拘", "post_date": "更新日期：2017-07-13", "other_condition": "1.BIOS coding experience.2. Single Chip coding/design experience3. Familiar with Assembly and C language"}, {"title": "BIOS-NCG", "url": "https://www.104.com.tw/job/?jobno=3y40t&jobsource=n104bank1&hotjob_chr=", "company": "Advantech_研華股份有限公司", "content": "經歷 : 熟AMI UEFI BIOS, BIOS engineer相關工作經驗三年以上.學歷 : 大學以上,熟C language", "tools": "不拘", "skills": "不拘", "post_date": "更新日期：2017-07-13", "other_condition": "未填寫"}, {"title": "【新鮮人招募】BIOS軟體工程師(南港)", "url": "https://www.104.com.tw/job/?jobno=5l7cy&jobsource=n104bank1&hotjob_chr=", "company": "神基科技股份有限公司", "content": "Ultimate Computing Solution For Demanding ProfessionalsGetac rugged computing solution business unit provides advanced rugged computing solution to help all the professionals accomplish their missions and surpass their limits. Getac rugged brand is ranked as the world’s second largest fully rugged mobile computing solutions provider.神基科技歡迎資工 / 電機電子相關背景的您，一同加入全球第二大之攜帶式強固型電腦製造商和品牌商。在這個職務裡，您將經歷強固型電腦相關產品，包括筆記型電腦、平板電腦的硬體相關設計，這當中將包含以下類別:1.system Bios開發設計與維護2.產品軟體相關問題分析與解決", "tools": "C、C#", "skills": "不拘", "post_date": "更新日期：2017-07-12", "other_condition": "歡迎熱忱、願意學習的您一起加入研發的行列"}, {"title": "系統整合事業部_BIOS資深工程師", "url": "https://www.104.com.tw/job/?jobno=4c6ie&jobsource=n104bank1&hotjob_chr=", "company": "光寶科技股份有限公司", "content": "-Intel x86 PC BIOS porting-Build BIOS Image files-Fix BIOS bugs-Create and implement the new BIOS feature for customers-Customize BIOS for Customer-Co-work with Hardware Engineer", "tools": "不拘", "skills": "不拘", "post_date": "更新日期：2017-07-12", "other_condition": "未填寫"}, {"title": "【2017研發替代役】軟體研發工程師", "url": "https://www.104.com.tw/job/?jobno=1xgzn&jobsource=n104bank1&hotjob_chr=", "company": "緯創資通股份有限公司", "content": "【工作內容】\n1.各項資訊/通訊產品之BIOS、Firmware、Software、演算法、OS(如Windows、Linux、Android等)軟/韌體研發。\n【工作地點】緯創汐止\n【需求條件】\n1.具2017研發替代役資格\n2.電子、電機、資工、通訊等相關研究所", "tools": "不拘", "skills": "不拘", "post_date": "更新日期：2017-07-12", "other_condition": "未填寫"}, {"title": "BIOS工程師", "url": "https://www.104.com.tw/job/?jobno=4dz0k&jobsource=n104bank1&hotjob_chr=", "company": "倫飛電腦實業股份有限公司", "content": "1.新專案BIOS研發\n2.舊機種BIOS的支援服務及維護\n3.除錯.添加客製化功能", "tools": "C、C++", "skills": "不拘", "post_date": "更新日期：2017-07-12", "other_condition": "1.X86、PC架構有深度瞭解。\n2.熟AMI BIOS、C、C++程式語言。\n3.可獨立開發專案。"}, {"title": "MB/BB_韌體/BIOS工程師/技術主管", "url": "https://www.104.com.tw/job/?jobno=858&jobsource=n104bank1&hotjob_chr=", "company": "微星科技股份有限公司", "content": "開發/維護/改善主機板/準系統BIOS 程式。導入主機板相關零件控制方法。負責BIOS程式偵錯與問題解決。回覆客戶或相關部門BIOS技術問題。", "tools": "C、Firmware", "skills": "不拘", "post_date": "更新日期：2017-07-12", "other_condition": "- C or Assembly experience- 熟悉EC者尤佳"}, {"title": "應用軟體開發工程師", "url": "https://www.104.com.tw/job/?jobno=5ef0z&jobsource=n104bank1&hotjob_chr=", "company": "微星科技股份有限公司", "content": "1.開發，維護，更新，調試廠線或台北所需的應用工程。\n2.協助處理客戶回饋問題。", "tools": "不拘", "skills": "不拘", "post_date": "更新日期：2017-07-12", "other_condition": "C/C++, 各種 Script(batch,Autoit,Javascript,Wscript,VBscript,VBA,perl...), Assembly, \n熟悉(PC, Motherboard)架構與功能(週邊I/O接口,PCI, USB, PCI-E, SMBUS, BIOS, and so on)  \nOS: Dos, Windows, Linux"}, {"title": "筆記型電腦BIOS韌體主管/專員/工程師 - J0169", "url": "https://www.104.com.tw/job/?jobno=1x22v&jobsource=n104bank1&hotjob_chr=", "company": "廣達電腦股份有限公司", "content": "1.筆記型電腦BIOS韌體設計 \n2.嵌入式系統韌體研發", "tools": "不拘", "skills": "不拘", "post_date": "更新日期：2017-07-12", "other_condition": "1.具ASSEMBLY及C/C++語言基礎  \n2.大學以上資工/資訊/電子/電機相關科系畢\n3.有韌體相關開發經驗者佳\n4.具NB / AIO PC / DT PC軟體設計3年以上經驗者佳\n5.具英文說寫讀能力.\n6.能配合短期出差"}, {"title": "雲端應用伺服器 BIOS 主管/專員/工程師 - J0332", "url": "https://www.104.com.tw/job/?jobno=27q3u&jobsource=n104bank1&hotjob_chr=", "company": "廣達電腦股份有限公司", "content": "1. BIOS porting\n2. Co-work with Hardware R&D for problem fixing  \n3. Provide technical consultation to related colleague, such as Sales, Marketing, etc.\n4. Discuss BIOS specifications with customers", "tools": "不拘", "skills": "不拘", "post_date": "更新日期：2017-07-12", "other_condition": "1. Familiar with programming languages(Assembly, C-language)\n2. Familiar with computer architecture\n3. With at least 2 year working experience for Engineer and 6 years for Specialist\n4. Good at English communication in listening, writing, reading and speaking"}, {"title": "新鮮人專區_軟體_雲端應用伺服器BIOS韌體工程師 - J1337", "url": "https://www.104.com.tw/job/?jobno=5hrec&jobsource=n104bank1&hotjob_chr=", "company": "廣達電腦股份有限公司", "content": "1. BIOS porting\n2. Co-work with Hardware R&D for problem fixing \n3. Provide technical consultation to related colleague, such as Sales, Marketing, etc.\n4. Define and discuss specification, issues, and requirement with Customers", "tools": "C、C++、Assembly", "skills": "不拘", "post_date": "更新日期：2017-07-12", "other_condition": "1. Familiar with programming languages(Assembly, C-language)\n2. Familiar with computer architecture\n3. Good at English communication in listening, writing, reading and speaking"}, {"title": "新鮮人專區_軟體_筆記型電腦BIOS韌體設計工程師 - J1356", "url": "https://www.104.com.tw/job/?jobno=5jaj6&jobsource=n104bank1&hotjob_chr=", "company": "廣達電腦股份有限公司", "content": "1. 筆記型電腦BIOS韌體設計 \n2. 嵌入式系統韌體研發\n3. 客戶與內部研發單位溝通協調、探討問題點對策及溝通協調", "tools": "不拘", "skills": "不拘", "post_date": "更新日期：2017-07-12", "other_condition": "1. 具ASSEMBLY及C/C++語言基礎  \n2. 大學以上資工/資訊/電子/電機相關科系畢\n3. 具中等英文說寫讀能力\n4. 能配合短期出差"}, {"title": "軟體工程師(x86 BIOS)", "url": "https://www.104.com.tw/job/?jobno=3z8wj&jobsource=n104bank1&hotjob_chr=", "company": "威盛電子股份有限公司", "content": "x86 BIOS and x86 CPU software developing and porting", "tools": "不拘", "skills": "不拘", "post_date": "更新日期：2017-07-12", "other_condition": "未填寫"}, {"title": "BIOS工程師", "url": "https://www.104.com.tw/job/?jobno=2d27z&jobsource=n104bank1&hotjob_chr=", "company": "冠信電腦股份有限公司", "content": "韌體研發", "tools": "不拘", "skills": "不拘", "post_date": "更新日期：2017-07-12", "other_condition": "具PC或NB相關韌體研發經驗"}, {"title": "BIOS主管", "url": "https://www.104.com.tw/job/?jobno=2d274&jobsource=n104bank1&hotjob_chr=", "company": "冠信電腦股份有限公司", "content": "BIOS/軟體設計", "tools": "不拘", "skills": "不拘", "post_date": "更新日期：2017-07-12", "other_condition": "具PC或NB相關韌體研發經驗"}, {"title": "BIOS研發工程師(FWRD)", "url": "https://www.104.com.tw/job/?jobno=5ihox&jobsource=n104bank1&hotjob_chr=", "company": "瑞祺電通股份有限公司", "content": "1.BIOS 研發時程及可行性評估\n2.BIOS 規格的制定\n3.BIOS 的研發、更新、維護", "tools": "不拘", "skills": "不拘", "post_date": "更新日期：2017-07-11", "other_condition": "1.熟悉AMI UEFI BIOS\n2.熟悉X86 PC架構\n3.熟EDKII者佳"}, {"title": "BIOS研發工程師(FWRD)-(新竹 竹北)", "url": "https://www.104.com.tw/job/?jobno=44hea&jobsource=n104bank1&hotjob_chr=", "company": "瑞祺電通股份有限公司", "content": "1.工業電腦產品及專案之BIOS開發及維護2.協助硬體工程師釐清及解決問題3.提供其他部門相關技術諮詢4.協助產品規劃開發", "tools": "C++、Assembly", "skills": "不拘", "post_date": "更新日期：2017-07-11", "other_condition": "1.了解X86 PC架構2.具備Assembly & C/C++等程式語言能力3.具備良好的資料搜尋及學習態度4.具備良好的溝通協調及應變能力5.具UEFI BIOS開發經驗者佳6.具Server BIOS經驗者佳7.有AMI Core8/UEFI經驗者佳"}, {"title": "Sr. Firmware Engineer (BIOS Engineer)", "url": "https://www.104.com.tw/job/?jobno=510jw&jobsource=n104bank1&hotjob_chr=", "company": "美商超微半導體股份有限公司台灣分公司", "content": "Responsibilities:\n1. AMD APU/CPU/Chipset BIOS and SW support\n2. Support OEM/ODM projects BIOS development and design Q&A\n3. Customer platform BIOS issue triage and debug\n4. Proficient at Windows behaviors and strong OS level peripheral debug capability\n5. Well communication skill with OEMs/ODMs on technical issues\n6. On-site support for BIOS issues\n\nRequirements:\n1. BS/BA with EE or CS\n2. At least 5 years system BIOS experience\n3. Good English communication skill\n4. Car drive license required\n5. Strong knowledge on PC x86 architecture, C language and Assembly\n6. Familiar with UEFI BIOS structure", "tools": "不拘", "skills": "不拘", "post_date": "更新日期：2017-07-11", "other_condition": "未填寫"}, {"title": "(C)韌體高級工程師(土城)10602003", "url": "https://www.104.com.tw/job/?jobno=556x4&jobsource=n104bank1&hotjob_chr=", "company": "正崴精密工業股份有限公司", "content": "1.負責韌體架構與系統設計2.負責驅動程式開發與測試3.協同作電路規畫驗証4.協助產品導入量產5.參與軟體維護階段工作", "tools": "C++、Visual C#、Visual C++", "skills": "軟體程式設計、韌體程式設計、模組化系統設計", "post_date": "更新日期：2017-07-11", "other_condition": "Arm架構MCU相關開發經歷二年,且具汽車產業背景尤佳"}, {"title": "RD Engineer - BSP/OpenStack", "url": "https://www.104.com.tw/job/?jobno=5j6yo&jobsource=n104bank1&hotjob_chr=", "company": "思爾芯科技股份有限公司", "content": "1. Develop Linux board support packages and kernel device drivers\n2. Study and research OpenStack and open source related technology\n3. Set up and maintain OpenStack environment\n4. Develop new features, integrate and test OpenStack solution\n5. Virtualize FPGA computing resource\n6. Document and present the works to the teams\n7. Support company other projects if urgent requests come in", "tools": "C、C++、Java、Python、HTML", "skills": "軟體程式設計、韌體程式設計、網路程式設計", "post_date": "更新日期：2017-07-11", "other_condition": "1. 3+ years of experience developing real time bare metal and RTOS based micro-controller systems in C\n2. Knowledge of OpenStack and private/public cloud technology is a plus\n3. Knowledge of digital logic or FPGA is a plus\n4. Experience of virtualization system is a plus\n5. English proficiency in reading and writing"}, {"title": "研發部BIOS工程師", "url": "https://www.104.com.tw/job/?jobno=51kp2&jobsource=n104bank1&hotjob_chr=", "company": "捷波資訊股份有限公司", "content": "1.開發維護主機板BIOS程式2.協助FAE解決客戶BIOS技術問題", "tools": "C、Assembly", "skills": "不拘", "post_date": "更新日期：2017-07-11", "other_condition": "1. 個性隨和,能獨立作業2. 有主機板BIOS開發相關經驗為佳"}, {"title": "BIOS工程師", "url": "https://www.104.com.tw/job/?jobno=4jgob&jobsource=n104bank1&hotjob_chr=", "company": "廣積科技股份有限公司", "content": "工業用主機板BIOS開發及維護. 需具備X86架構觀念及C語言能力. 熟AMI Aptio者佳.", "tools": "C、C++", "skills": "BIOS程式研發、BIOS程式偵錯與維護", "post_date": "更新日期：2017-07-11", "other_condition": "未填寫"}, {"title": "BIOS Engineer - 台北", "url": "https://www.104.com.tw/job/?jobno=vl19&jobsource=n104bank1&hotjob_chr=", "company": "系微股份有限公司", "content": "1. 從事電腦BIOS與BIOS相關應用軟體開發、除錯、維護\n2. BIOS應用規格及流程撰寫\n3. 熟C語言，熟組合語言尤佳\n4. 對PC設計具有興趣與熱忱，學習能力佳，無經驗可。雖非資訊相關科系者亦非常歡迎主動應徵本職缺", "tools": "不拘", "skills": "不拘", "post_date": "更新日期：2017-07-11", "other_condition": "1. 具以下經驗者尤佳：BIOS、EC、Driver、Firmware or Computer H/W work experiences\n2. 具DRIVER相關經驗或興趣者，主動解決問題的特質，略諳PC HARDWARE概念或大型應用軟體開發經驗者尤佳\n3. 歡迎希望從事BIOS開發之人才主動應徵"}, {"title": "[研發替代役] BIOS Engineer - 台中", "url": "https://www.104.com.tw/job/?jobno=3dims&jobsource=n104bank1&hotjob_chr=", "company": "系微股份有限公司", "content": "1.從事電腦BIOS與BIOS相關應用軟體開發。\n2.熟C語言\n3.熟PC架構\n4.具組合語言尤佳\n5.具強烈學習能力及工作意願\n6.對PC設計具有高度興趣與熱忱，且瞭解BIOS相關領域工作經驗，雖非資訊相關科系者亦非常歡迎主動應徵本職缺。", "tools": "C、C++、Excel、Outlook、PowerPoint、Word、Assembly", "skills": "不拘", "post_date": "更新日期：2017-07-11", "other_condition": "1.具DRIVER相關經驗或興趣者，且對FIRMWARE的工作具有高度熱忱，主動解決問題的特質，略諳PC HARDWARE概念或大型應用軟體開發經驗者尤佳。\n2.歡迎希望在台中地區就業從事BIOS開發之人才主動應徵。"}, {"title": "[研發替代役] BIOS Engineer - 台北", "url": "https://www.104.com.tw/job/?jobno=43clg&jobsource=n104bank1&hotjob_chr=", "company": "系微股份有限公司", "content": "1.從事電腦BIOS與BIOS相關應用軟體開發。2.熟C語言3.熟PC架構4.具組合語言尤佳5.具強烈學習能力及工作意願6.對PC設計具有高度興趣與熱忱，且瞭解BIOS相關領域工作經驗，雖非資訊相關科系者亦非常歡迎主動應徵本職缺。", "tools": "C、C++、Excel、Outlook、PowerPoint、Word、Assembly", "skills": "不拘", "post_date": "更新日期：2017-07-11", "other_condition": "具DRIVER相關經驗或興趣者，且對FIRMWARE的工作具有高度熱忱，主動解決問題的特質，略諳PC HARDWARE概念或大型應用軟體開發經驗者尤佳。"}, {"title": "BIOS測試工程師 - 台北", "url": "https://www.104.com.tw/job/?jobno=56dfa&jobsource=n104bank1&hotjob_chr=", "company": "系微股份有限公司", "content": "1. Intel / AMD Platform BIOS/Feature Test\n 2. Insyde Tool Test\n 3. 問題複製及分析\n 4. 測試管理技能及新技術研究\n 5. 測試計畫及文件撰寫", "tools": "不拘", "skills": "不拘", "post_date": "更新日期：2017-07-11", "other_condition": "NB測試或系統測試經驗2年以上 \n態度積極、細心、肯學習\n英文能力中等以上尤佳"}, {"title": "BIOS Engineer(Foreigner: Indian)", "url": "https://www.104.com.tw/job/?jobno=5ecv3&jobsource=n104bank1&hotjob_chr=", "company": "系微股份有限公司", "content": "Job Description:\n1. Developing, maintaining and debuging PC BIOS and related\n2. Writing BIOS SPEC\n3. Be familiar with C language or Assembly language programming\n4. Interested in PC designed \n5. Foreigner is welcome\n\nEducation:\nBe bachelor degree or higher in Computer Science related majors.", "tools": "不拘", "skills": "不拘", "post_date": "更新日期：2017-07-11", "other_condition": "Additional Preferred Qualifications:\n1. Experienced in BIOS, EC, Driver, Firmware or Computer H/W work.\n2. Having Driver programming related experience is highly preferred.\n       (Or interested in programming Driver)\n3. Knowledge of PC HARDWARE conception or having experience in developing  large scale application software would be an added advantage.\n4. Having ability to deal with problem aggressively is added.\n5. Eager to learn"}, {"title": "Server BIOS Engineer - Hyve Solutions", "url": "https://www.104.com.tw/job/?jobno=4qh4c&jobsource=n104bank1&hotjob_chr=", "company": "海峰電腦股份有限公司", "content": "Server BIOS design experience 3 ~ 5 years, familiar AMI source code. Customer technical support.", "tools": "不拘", "skills": "不拘", "post_date": "更新日期：2017-07-11", "other_condition": "x86 architecture, AMI source code"}, {"title": "BIOS工程師", "url": "https://www.104.com.tw/job/?jobno=4jxbm&jobsource=n104bank1&hotjob_chr=", "company": "德承股份有限公司", "content": "1. 開發、維護、改善主機板BIOS程式。2. IPC主機板相關零件控制方法。3. 負責BIOS程式問題解決。4. UEFI/BIOS code。", "tools": "不拘", "skills": "不拘", "post_date": "更新日期：2017-07-11", "other_condition": "熟悉C/C++ sample code 各種作業系統開發環境"}, {"title": "MTS Firmware Engineer (BIOS Engineer)-Server", "url": "https://www.104.com.tw/job/?jobno=5gggd&jobsource=n104bank1&hotjob_chr=", "company": "美商超微半導體股份有限公司台灣分公司", "content": "The requisition is for an MTS Firmware Engineer.  AMD’s Server team is looking for a dynamic, self-motivated, experienced BIOS engineer to develop platform BIOS solutions for AMD’s cutting edge server products.  The position entails architecting, coding, debugging, and documenting platform BIOS features with a goal of developing competitive and innovative reference design products for multiple internal and external customers, including software vendors, OEMs, and validation teams.    A successful candidate will employ solid software methodologies, firmware design expertise, deep technical knowledge, and well-honed organizational skills across multiple teams to ensure on-schedule, defect-free system firmware product development, reducing AMD’s time to market. A candidate must possess the technical proficiency and interpersonal confidence to technically clearly represent design ideas, complex problem descriptions and innovative solutions with other developers as well as non-firmware focused silicon teams.  \nSkills: \n• In-depth UEFI BIOS development mandatory \n• C and ASM programming experience mandatory \n• Strong debug methodology and skills mandatory \n• Experience in server BIOS architecture mandatory \n• Experience in x86 architecture mandatory \n• Knowledge of server hardware interfaces (10G/1G Ethernet, SATA, AHCI, DDR3, PCIe Gen1/Gen2, SPI, I2C) expected \n• Intimate knowledge of software development process methodology expected \n• Knowledge of industry standard initiatives such as (ACPI, SMBIOS, PCIe) expected \n• Strong analytical skills and debug methodology expected  \n\nExperience:  \n• BSEE, BSCS, or BSCE degree or higher  \n• 8 years of BIOS/firmware development required", "tools": "不拘", "skills": "不拘", "post_date": "更新日期：2017-07-11", "other_condition": "未填寫"}, {"title": "BER1-Bios 高級工程師/工程師", "url": "https://www.104.com.tw/job/?jobno=3hl67&jobsource=n104bank1&hotjob_chr=", "company": "緯穎科技服務股份有限公司", "content": "1.確認系統 BIOS 及客戶需求規格\n2.BIOS 開發並確保專案準時完成\n3.熟悉UEFI 程式架構\n4.解決客戶問題\n5.BIOS SPEC 文件製作\n6.英文程度中上能和外國客戶溝通", "tools": "不拘", "skills": "不拘", "post_date": "更新日期：2017-07-11", "other_condition": "1.熟悉 PC-X86 架構，UEFI 軔體架構\n2.具AMI BIOS 開發或組合語言經驗者佳\n3.熟 C 或 C++\n5.具備基礎英文能力，能看懂英文技術文件"}, {"title": "2017年研發替代役-Bios 軟體工程師 (BER1)", "url": "https://www.104.com.tw/job/?jobno=3wjuc&jobsource=n104bank1&hotjob_chr=", "company": "緯穎科技服務股份有限公司", "content": "* 確定system Bios及客戶需求的規格\n* Bios的開發，確保專案準時完成\n* 發展業界PC規格程式模組\n* 解決客戶問題\n* 文件製作\n* 專業研究技能報告", "tools": "不拘", "skills": "不拘", "post_date": "更新日期：2017-07-11", "other_condition": "* 熟悉PC-X86架構，UEFI韌體架構\n* 具有AMI BIOS開發及組合語言經驗佳\n* 會C語言"}, {"title": "嵌入式系統工程師", "url": "https://www.104.com.tw/job/?jobno=5hneg&jobsource=n104bank1&hotjob_chr=", "company": "南京資訊股份有限公司", "content": "1. Linux 及 Android BSP (Intel x86 and RISC)porting.\n2. Linux driver 修改及 Debug.\n3. Androidf BSP 專案維護\n4. Android HAL 與 framework 開發", "tools": "不拘", "skills": "不拘", "post_date": "更新日期：2017-07-11", "other_condition": "1. 熟悉Linux kernel/driver/Android BSP porting \n2. 熟悉C/C++, Java, Python\n3. 能解決 Android 平台穩定性及電源休眠相關問題 \n4. 有 Android x86 Porting 或珠海炬力 Android Porting 經驗尤佳\n5. 需具獨立作業, 遇到問題能積極解決, 及良好的溝通協調能力"}, {"title": "軟體應用工程師", "url": "https://www.104.com.tw/job/?jobno=2nc3p&jobsource=n104bank1&hotjob_chr=", "company": "南京資訊股份有限公司", "content": "本團隊專注於商店（餐飲、零售）所需的營運、財務、管理軟體開發，並結合本公司既有硬體設計、製造專長，企望爲各型態商店提供完整資訊系統解決方案，成為商家得力助手。目前在台灣已有數間連鎖店客戶，產品正日益健全壯大，發展前景可期。\n\n工作內容涵括：\n＊開發門店前、後台，以及連鎖總店管理系統\n＊依據使用者需求作系統分析，並進行程式架構設計\n＊程式設計活用MVC、Design Pattern概念\n＊開發工具以C# .Net、SQL為主，也正規劃Android、iOS APP開發\n＊使用者圖形介面UI/UX搭配\n＊研發雲端、資訊安全、統計相關應用\n\n本團隊極具軟體開發熱情，樂於學習、嘗試創新技術。對於程式開發並不滿足於＂完成需求就好＂，而是力求架構的合理性、擴充性、穩定度，並且以自己的產品為傲。另外，部門氣氛和諧，不分資歷深淺皆樂於交流分享，意見想法會被充分尊重。\n\n如果您認同這是一個有理想、值得共同打拼、能使您＂向上提昇＂的團隊，歡迎來面談，讓我們雙方有彼此了解的機會。", "tools": "C#、C++.Net、Java、PL/SQL", "skills": "不拘", "post_date": "更新日期：2017-07-11", "other_condition": "本團隊軟體產品包含［本機端］及［Web端］，應徵者需具備兩者其中之一的相關技能，分別敘述如下：\n\n［本機端］\n＊熟悉C#及SQL\n＊不會C#、但熟悉Java，也歡迎面談，但必須具備3年以上相關工作經驗\n［Web端］\n＊熟悉HTML、Java Script（jQuery）、ASP .Net、MVC、SQL\n\n除了基本程式技能，本團隊也相當注重＂工作態度＂：\n\n＊對軟體程式開發具熱情，平時即熱愛吸收相關技術新知（這就是本團隊的工作氣氛！）\n＊對於程式開發不僅僅滿足於功能完成就好，而是能自我要求 ＂架構做得對、做得好＂\n （這也是本團 隊的期許目標！）\n＊願意分享開發心得，與團隊共同成長（這就是本團隊的特質，同仁不論資歷深淺都樂於主動交\n    流）\n\n另外，如果同時具備以下任一能力則更佳：\n\n＊應用軟體系統分析（SA）、系統設計（SD）實務經驗\n＊物件導向、設計模式（Design Pattern）、MVC經驗、UML分析\n＊能同時處裡多個交付任務，應付產品多樣性 \n＊軟體測試概念、方法，自動測試建置經驗\n＊熟悉餐飲、量販營運模式，或ERP、CRM、進銷存軟體使用經驗\n＊CMMI、Agile（Scrum）軟體開發流程實務經驗\n＊Android或iOS APP開發經驗（3年以上）\n＊SOA架構概念、JSON\n＊雲端server建置\n＊資訊安全"}, {"title": "程式工程師-Java Engineer", "url": "https://www.104.com.tw/job/?jobno=4j3u9&jobsource=n104bank1&hotjob_chr=", "company": "Total Crest Business Support, Inc", "content": "1、公司應用平臺的架構設計及重構；2、公司相關應用的開發與測試；3、需求整理與分析；4、結合公司業務，在技術層面做前瞻性探索與實現。", "tools": "Linux、Shell、ASP.NET、Java、Spring、DHTML、J2EE、J2SE、JavaScript、XML Web services", "skills": "不拘", "post_date": "更新日期：2017-07-11", "other_condition": "基本要求：1、計算機及相關專業，3年及以上企業級j2ee應用開發經驗；2、精通java核心技術；3、熟悉流行的j2ee技術框架和技術(struts2/spring/mybatis/ejb3/web service/xml/json/jquery /css等)，並至少精通其中兩種框架，且具備設計基於MVC設計模式的框架的能力；4、熟悉oracle、mysql等數據庫，精通sql性能調優，具備較強的存儲過程編寫能力；5、熟悉apache、nginx、weblogic等web容器或應用服務器，具備基本的配置及調優能力；6、熟悉linux，具備較強的shell編寫能力;7、熟悉maven、svn、uml、eclipse、zend studio等。加分項目：1、Andriod/IOS應用或php(zend framework)應用開發經驗；2、互聯網應用高並發、大數據處理經驗；3、網站安全策略研究及實施經驗。"}, {"title": "軟體研發一部-BIOS工程師", "url": "https://www.104.com.tw/job/?jobno=54qlv&jobsource=n104bank1&hotjob_chr=", "company": "營邦企業股份有限公司", "content": "1.BIOS development and maintenance2.Programing test utility under Windows/linux", "tools": "不拘", "skills": "不拘", "post_date": "更新日期：2017-07-11", "other_condition": "1.能溝通，跟別人合作2.熟C/C++程式語言"}, {"title": "A0418 韌體工程師(內湖)", "url": "https://www.104.com.tw/job/?jobno=29o7k&jobsource=n104bank1&hotjob_chr=", "company": "仁寶電腦工業股份有限公司", "content": "負責Notebook之韌體設計 :  \n1. 執行產品韌體之撰寫，並維護量產產品。\n2. 執行、協助或配合韌體新技術之研發、導入。\n3. 配合完成HW/BIOS/Power/Thermal整體系統之韌體設計\n4. 執行產品韌體測試。\n5. 控制韌體開發進度、品質與成本。\n6. 無工作經驗可", "tools": "C、C++、Assembly", "skills": "不拘", "post_date": "更新日期：2017-07-10", "other_condition": "1. 需熟C語言.\n2. 需有配合公司派赴大陸出差的意願"}, {"title": "BIOS工程師", "url": "https://www.104.com.tw/job/?jobno=3tjo2&jobsource=n104bank1&hotjob_chr=", "company": "其陽科技股份有限公司", "content": "撰寫BIOS及Sample Code for Hardware", "tools": "不拘", "skills": "不拘", "post_date": "更新日期：2017-07-10", "other_condition": "未填寫"}, {"title": "BIOS工程師", "url": "https://www.104.com.tw/job/?jobno=33klm&jobsource=n104bank1&hotjob_chr=", "company": "華擎科技股份有限公司", "content": "主機板相關軟體撰寫", "tools": "不拘", "skills": "BIOS程式研發、軟體工程系統開發", "post_date": "更新日期：2017-07-10", "other_condition": "1.熟Windows/Linux AP, Driver.\n2.具備軟體撰寫工作經驗者優先面試"}, {"title": "IOT 開發工程師", "url": "https://www.104.com.tw/job/?jobno=4yo3g&jobsource=n104bank1&hotjob_chr=", "company": "金寬有限公司", "content": "1. 該職位將從事物聯網產品研發 (Smart Plug, Smart light, Door phone, wifi switch)2. 負責嵌入式系統 (ARM or 其他微處理機) Framework(Kernel/RTOS)層的軟體設計/整合與除錯3.對SoC Wifi firmware (ESP8266, MTK7681,RTL8710) 開發有興趣及經驗。", "tools": "MCU、C++", "skills": "不拘", "post_date": "更新日期：2017-07-10", "other_condition": "1.與硬體及APP工程師溝通配合，提供開發所需要的軟韌體支援。2.具通訊及雲服務經驗尤佳。"}, {"title": "BIOS工程師", "url": "https://www.104.com.tw/job/?jobno=5gihb&jobsource=n104bank1&hotjob_chr=", "company": "精英電腦股份有限公司", "content": "1. 從事電腦BIOS與BIOS相關應用軟體開發、除錯、維護2. BIOS應用規格及流程撰寫", "tools": "C", "skills": "不拘", "post_date": "更新日期：2017-07-07", "other_condition": "1. 熟C語言2. 對PC設計具有興趣與熱忱，學習能力佳，無經驗可。3. 非資訊相關科系者亦非常歡迎主動應徵本職缺。"}, {"title": "BIOS高級工程師", "url": "https://www.104.com.tw/job/?jobno=4qy8d&jobsource=n104bank1&hotjob_chr=", "company": "精英電腦股份有限公司", "content": "1.針對公司設計主板之BIOS開發。 2.對於研發出來BIOS之除錯。3.執行研發階段驗證產品功能,以確保產品功能之完整性及相容性。", "tools": "C、Assembly", "skills": "不拘", "post_date": "更新日期：2017-07-07", "other_condition": "1.負責Support OEM BIOS兩年以上經驗尤佳2.無經驗，但擅長C語言、Assembly者亦可"}, {"title": "BIOS研發工程師", "url": "https://www.104.com.tw/job/?jobno=2e39c&jobsource=n104bank1&hotjob_chr=", "company": "精英電腦股份有限公司", "content": "1. 參與新專案開發過程,了解新機種規格。2. 負責溝通/實現/測試對於客戶提出新BIOS功能的需求於已經量產的機種上。3. 負責了解/解決客戶提出不是在專案開發期間的BIOS的問題。4. 負責溝通/測試與Release BIOS for客戶需求。5. 精進專業能力，加強團隊戰力。", "tools": "C、Assembly", "skills": "不拘", "post_date": "更新日期：2017-07-07", "other_condition": "1.負責Support OEM BIOS兩年以上經驗尤佳2.無經驗，但擅長C語言、Assembly者亦可"}, {"title": "BIOS研發工程師", "url": "https://www.104.com.tw/job/?jobno=4ohw4&jobsource=n104bank1&hotjob_chr=", "company": "精英電腦股份有限公司", "content": "1. 參與新專案開發過程,了解新機種規格。2. 負責溝通/實現/測試對於客戶提出新BIOS功能的需求於已經量產的機種上。3. 負責了解/解決客戶提出不是在專案開發期間的BIOS的問題。4. 負責溝通/測試與Release BIOS for客戶需求。", "tools": "C", "skills": "不拘", "post_date": "更新日期：2017-07-07", "other_condition": "未填寫"}, {"title": "TW14-106030+TW14-106131 BIOS工程師", "url": "https://www.104.com.tw/job/?jobno=s7pm&jobsource=n104bank1&hotjob_chr=", "company": "凌華科技股份有限公司", "content": "1. 產品BIOS開發2. Utility&Debug tool開發3. 使用手冊撰寫4. 協助解決客戶問題5. 協助訓練部門同仁", "tools": "不拘", "skills": "不拘", "post_date": "更新日期：2017-07-07", "other_condition": "1. 熟悉C/C++，Assembly等相關程式語言，PC架構2. 熟AMI BIOS,uEFI BIOS3. 配合度高、細心負責且抗壓性高4. 穩定性高、學習力強5. 表達能力佳及具備應變能力6. 思慮縝密清晰7. 具備良好的溝通協調能力"}, {"title": "BIOS(資深)工程師<土城>", "url": "https://www.104.com.tw/job/?jobno=3qa3k&jobsource=n104bank1&hotjob_chr=", "company": "鴻海精密工業股份有限公司", "content": "1.BIOS 研發時程及可行性評估 2.BIOS 規格的制定 3.BIOS 的研發、更新、維護", "tools": "不拘", "skills": "不拘", "post_date": "更新日期：2017-07-07", "other_condition": "1.  大專以上 ,電子 ,計算機 , 自動控制  相關科系畢業2.  熟悉 PC 基礎架構, 微處理器, 數位電路知識3.  熟悉 C/C++   及  組合語言 , 具備driver開發相關知識4.  BIOS 或 韌體開發相關 經驗 3  年 以  上"}, {"title": "Sr. BIOS Engineer", "url": "https://www.104.com.tw/job/?jobno=3yx6h&jobsource=n104bank1&hotjob_chr=", "company": "英商鼎通盛股份有限公司台灣分公司", "content": "Ensuring completion of RD project by:\n1. System BIOS porting/customization/debugging (X86 system)\n2. Monitor firmware porting/customization/debugging\n3. Technical presentation/documentation for project standard\n4. Technical issues communication and management with hardware team and other vendors", "tools": "不拘", "skills": "不拘", "post_date": "更新日期：2017-07-07", "other_condition": "1. 3+ years of UEFI BIOS programming/porting experience (X86 platform)\n2. Industrial interface standard awareness (ACPI, SPI, SMBus, USB and SATA) will be a plus\n3. C++ programming language experience required\n4. Oral/Writing skill in English is essential"}, {"title": "Server/Storage韌體(資深)工程師(土城)", "url": "https://www.104.com.tw/job/?jobno=43wet&jobsource=n104bank1&hotjob_chr=", "company": "鴻海精密工業股份有限公司", "content": "1. Define Storage System Arch requirements with Core Team 2. Responsible for HBA and SAS Expander related Storage F/W Spec, Development and Validation3. Codes and programs enhancements, updates, and changes for storage subsystem firmware4. Develop and Execute test plans; identifies, logs, and debugs issues5. Develops partnership with internal and outsourced development partners on firmware design and development", "tools": "不拘", "skills": "不拘", "post_date": "更新日期：2017-07-06", "other_condition": "1. At least 5 years of relevant System design/firmware development, test experience working with Storage Products2. Experience in developing or maintaining LSI or PMC-Sierra HBA and Expander firmware including SES3. Experience with storage based protocols SATA/SAS protocol and RAID technology,4. Familiar with i2c/SMBus, IPMI 2.0, SGPIO,  PCIe Protocol5. experience in C/C++ programming, TCL/Python Scripting would be a Plus"}, {"title": "Software Engineer/Firmware Engineer", "url": "https://www.104.com.tw/job/?jobno=58kv0&jobsource=n104bank1&hotjob_chr=", "company": "創義達科技股份有限公司", "content": "Major jobs: \nPCIe Switch bring up, diagnostic and driver development,\nSW programming on:\n1. Linux kernel\n2. PCIe GPU, NIC, NVMe driver\n3. Diag functions development\n\nMinimum Qualifications:\n1. Family in Linux kernel\n2. Family in Linux driver\n3. Family in C  language\n4. Good communication skills in English\n\nPreferred Experience:\n1. Knowledge on PCIe\n2. Knowledge on NVMe\n3. Knowledge on RDMA\n4. Knowledge on GPU\n5. Knowledge on Infiniband", "tools": "不拘", "skills": "不拘", "post_date": "更新日期：2017-07-06", "other_condition": "未填寫"}, {"title": "Software Engineer (CLI and API Designer)", "url": "https://www.104.com.tw/job/?jobno=58kvg&jobsource=n104bank1&hotjob_chr=", "company": "創義達科技股份有限公司", "content": "1. Follow the server requirement to develop API on PCIe Switch.\n2. Base on UI/UX requirement to develop API on PCIe Switch\n3. Command line interface develop\n\n       Minimum Qualifications\n1. Family in java script, shell script and redfish API\n2. Family in C language\n3. Family in Linux\n\n       Preferred Experience\n1. Knowledge on Python\n2. Knowledge on Restful API, JSON\n3. Knowledge on Intel RSD\n4. Knowledge on PCIe, NVMe, RDMA, GPU, Infiniband", "tools": "不拘", "skills": "不拘", "post_date": "更新日期：2017-07-06", "other_condition": "未填寫"}, {"title": "(總部)R1910-BIOS(資深/主任)工程師", "url": "https://www.104.com.tw/job/?jobno=2gcp2&jobsource=n104bank1&hotjob_chr=", "company": "友通資訊股份有限公司", "content": "1.開發及維護客制案\n2.處理AE客制需求\n3.熟C語言，X86 PC 架構 ，有BIOS經驗佳", "tools": "不拘", "skills": "不拘", "post_date": "更新日期：2017-07-05", "other_condition": "未填寫"}, {"title": "BIOS Engineer", "url": "https://www.104.com.tw/job/?jobno=5b9ia&jobsource=n104bank1&hotjob_chr=", "company": "潤昇系統測試股份有限公司", "content": "1.uEFI BIOS porting.\n2.BIOS debug.", "tools": "不拘", "skills": "不拘", "post_date": "更新日期：2017-07-05", "other_condition": "1.At least 2 years of experience with X86 system Legacy/uEFI BIOS porting/customization/debugging.\n2.Experienced in AMI BIOS.\n3.Familiar with computer architecture, C/C++,ACPI-ASL and Assembly.\n4.Familiar with intel VBIOS/GOP and intel ME code configuration, and experienced in SIO module code.\n5.Understand hardware schematics.\n6.Familiar with X86 system architecture."}, {"title": "BIOS 資深工程師", "url": "https://www.104.com.tw/job/?jobno=2ul53&jobsource=n104bank1&hotjob_chr=", "company": "美商安邁科技股份有限公司台灣分公司", "content": "1.領導工程開發團隊與客戶進行BIOS專案開發。\n2.進行開發過程中必要之溝通協調工作。\n3.專案問題除錯、客製化功能開發與後續專案維護。\n4.未來儲備幹部人選。", "tools": "不拘", "skills": "不拘", "post_date": "更新日期：2017-07-04", "other_condition": "1. 熟x86 assembly and C language\n2. 具相關韌體開發經驗\n3. 熟悉PC系統架構"}, {"title": "Bootloader Engineer", "url": "https://www.104.com.tw/job/?jobno=45v17&jobsource=n104bank1&hotjob_chr=", "company": "美商安邁科技股份有限公司台灣分公司", "content": "1. Develop firmware based on customer's requirement\n2. Work with customer, Google and Intel to create bootloader solution for Google Chromebook or x86 platform\n3. Change the source code based on H/W", "tools": "Linux、C、C++", "skills": "BIOS程式研發、BIOS程式偵錯與維護、軟體工程系統開發", "post_date": "更新日期：2017-07-04", "other_condition": "1. Familiar with x86 architecture, assembly and C language\n2. Ability to read schematics and software specifications\n3. Experience with Coreboot or UEFI BIOS is better"}, {"title": "Software Engineer (C語言)", "url": "https://www.104.com.tw/job/?jobno=49hx4&jobsource=n104bank1&hotjob_chr=", "company": "勤展精測股份有限公司", "content": "針對特定ServerBoard撰寫記憶體測試軟體(Memtest應用), 需具備獨立研究能力, 理解與維護。", "tools": "Linux、C", "skills": "BIOS程式研發、BIOS程式偵錯與維護、韌體工程開發", "post_date": "更新日期：2017-07-03", "other_condition": "1. 熟悉C語言 (熟Assembly者尤佳)\n2. 具備開發None OS的程式經驗\n3. 具備開發記憶體測試程式的經驗\n4. 具備Memtest相關開發經驗\n5. 理解至少一種硬體介面通訊方法者尤佳\n6. 有BIOS或Driver相關經驗者佳"}, {"title": "驅動器韌體工程師", "url": "https://www.104.com.tw/job/?jobno=4hepa&jobsource=n104bank1&hotjob_chr=", "company": "賜福科技股份有限公司", "content": "1.伺服驅動器韌體開發 \n2.自動化周邊模組/嵌入式裝置韌體開發整合\n3.開發專案管控", "tools": "不拘", "skills": "不拘", "post_date": "更新日期：2017-07-03", "other_condition": "1.具電子/電路，DSP/MCU/FPGA功能開發經驗者佳\n2.能機動配合國外性質出差"}, {"title": "BIOS Platform Engineer", "url": "https://www.104.com.tw/job/?jobno=33f5u&jobsource=n104bank1&hotjob_chr=", "company": "PHOENIX TECHNOLOGIES LTD_美商鳳凰科技資訊股份有限公司台灣分公司", "content": "Phoenix Technologies Ltd. is the global market leader in system firmware that provides the most secure foundation for today's computing environments. The Company established industry leadership with its original BIOS products in 1979, and today has 149 technology patents, has shipped in over one billion systems, and continues to ship in over 125 million new systems each year. \n\nThe Phoenix Technologies BIOS group is looking for an experienced engineer in Customer Engineering Group. There are several diverse software activities in this group. Various responsibilities include:\n\n1. Ability to solve technical issues independently\n2. Hands-on Role to complete Customer projects \n3. Provide technical training/presentation on specific technical topics\n4. Provide guidance and direction to assist fellow team members on technical issues\n5. Partner with Team members and the Engineering Team to solve difficult technical issues\n6. Study new technical specifications and provide guidance accordingly\n7. Understand Customers System Design needs and provide helpful suggestions \n8. Attend technical review meetings via phone with customers/vendors to provide update on technical issues", "tools": "C、C++、Assembly", "skills": "不拘", "post_date": "更新日期：2017-06-30", "other_condition": "未填寫"}, {"title": "Senior BIOS Platform Engineer", "url": "https://www.104.com.tw/job/?jobno=3ht12&jobsource=n104bank1&hotjob_chr=", "company": "PHOENIX TECHNOLOGIES LTD_美商鳳凰科技資訊股份有限公司台灣分公司", "content": "The Phoenix Technologies BIOS group is looking for an experienced engineer in Customer Engineering Group. There are several diverse software activities in this group. Various responsibilities include:\n\n•Can solve technical issues independently \n•Provide technical training/presentation for specific technical topics \n•Can help others with technical issues by providing guidance and directions \n•Communicate with other engineering teams and/or managers to get solutions for technical issues \n•Study new technical spec and provide solutions accordingly \n•Discuss with customers for system design review and provide professional suggestions \n•Can attend technical review meeting (Con-Call) with customers/vendors to provide updates on technical issues", "tools": "C、C++、Assembly", "skills": "不拘", "post_date": "更新日期：2017-06-30", "other_condition": "Required Skills/Experience:\n•Familiar with computer architecture, assembly and C/C++, having H/W experience is better \n•At least 5 years of experience with System BIOS \n•Experience with UEFI Firmware development"}, {"title": "韌體工程師_W", "url": "https://www.104.com.tw/job/?jobno=4g875&jobsource=n104bank1&hotjob_chr=", "company": "技嘉科技股份有限公司", "content": "1. Server M/B Project design.2. BIOS Boot up.3. Function implemnet", "tools": "Linux、C、C++", "skills": "不拘", "post_date": "更新日期：2017-06-30", "other_condition": "未填寫"}, {"title": "BIOS资深架构师", "url": "https://www.104.com.tw/job/?jobno=4hzp5&jobsource=n104bank1&hotjob_chr=", "company": "荷蘭商聯想股份有限公司", "content": "Job Description:In this position, you will be working in Lenovo System X firmware team located in Shanghai.You will be responsible for Lenovo System X server BIOS design and development.You will have opportunity to lead multi-GEO UEFI development team to contribute to Lenovo server products.This position also provides the chance to deeply engage into Lenovo’s server firmware design effort.", "tools": "不拘", "skills": "不拘", "post_date": "更新日期：2017-06-27", "other_condition": "Qualification:1.Minimum Bachelor of Computer Science or Electronic Engineering degree or other relevant majors.2.12+ years Intel Architecture BIOS/UEFI development experience. 8+ years if Master degree. Server BIOS/UEFI experience is a plus.3.Solid understanding of Intel Architecture, industry standard like PCIE/SATA/SAS/USB. Strong C and assembly programming skills. Good knowledge of IA server BIOS like UEFI, EDK/EDKII. Owning patent/publication is a plus.4.Broad and deep knowledge of server management software and industry customer usage model. Knowledge and experience of board design, BMC firmware and management software is a plus.5.Good verbal and written communication skills are required. Experienced in Multi-Geo collaboration, multifunctional communication with design/project management/marketing/test teams.6.Experience of BIOS/UEFI firmware architecture design.7.Quick learner and self-motivated worker under pressure."}, {"title": "核心系統BIOS軟體工程師_研發中心(台北)", "url": "https://www.104.com.tw/job/?jobno=252wz&jobsource=n104bank1&hotjob_chr=", "company": "瑞仕普科技股份有限公司", "content": "ARM 平台 OS/BIOS/BSP 作業系統軟體開發LINUX OS EMBEDDED SYSTEM PORTINGLINUX Driver ImplemenationAndroid 系統軟體開發NFC 產品開發RFID 產品開發", "tools": "不拘", "skills": "不拘", "post_date": "更新日期：2017-06-19", "other_condition": "未填寫"}, {"title": "Products/Devices Linux / Android  OS 軟體工程師_研發中心(台北)", "url": "https://www.104.com.tw/job/?jobno=36t9f&jobsource=n104bank1&hotjob_chr=", "company": "瑞仕普科技股份有限公司", "content": "Linux / Android SYSTEM PORTING\nLinux / Android Driver Implemenation\nLinux / Android payment apps Implemenation", "tools": "不拘", "skills": "不拘", "post_date": "更新日期：2017-06-19", "other_condition": "未填寫"}, {"title": "BIOS 主管", "url": "https://www.104.com.tw/job/?jobno=5b5o6&jobsource=n104bank1&hotjob_chr=", "company": "Morgan Philips Hong Kong Limited Taiwan Branch_香港商博禹國際顧問有限公司台灣分公司", "content": "具6年以上NB/PC或相關產品BIOS軟/韌體設計經驗熟悉X86、組合語言及C語言", "tools": "不拘", "skills": "不拘", "post_date": "更新日期：2017-06-17", "other_condition": "未填寫"}, {"title": "Server BIOS工程師", "url": "https://www.104.com.tw/job/?jobno=4awii&jobsource=n104bank1&hotjob_chr=", "company": "華擎科技股份有限公司", "content": "1. 從事Server主機板BIOS撰寫及修改工作。\n2. 開發、維護以及改善主機板BIOS 程式。 \n3. 導入主機板相關零件控制方法。\n4. 負責BIOS程式偵錯與問題解決。 \n5. 回覆客戶或相關部門BIOS技術問題。 \n6. 協助FAE（field application engineer）解決問題。 \n7. 與客戶溝通客製化需求、時程安排", "tools": "C#、C++", "skills": "不拘", "post_date": "更新日期：2017-06-15", "other_condition": "未填寫"}, {"title": "BIOS軟體研發工程師(南港)- RDC", "url": "https://www.104.com.tw/job/?jobno=4yy87&jobsource=n104bank1&hotjob_chr=", "company": "神基科技股份有限公司", "content": "Ultimate Computing Solution For Demanding ProfessionalsGetac rugged computing solution business unit provides advanced rugged computing solution to help all the professionals accomplish their missions and surpass their limits. Getac rugged brand is ranked as the world’s second largest fully rugged mobile computing solutions provider.As a BIOS Engineer, you are expected to be responsible for the following：1.UEFI/BIOS coding, porting, debug, problem-solving and maintenance.2.UEFI/BIOS Functions research and development 3.Troubleshoot BIOS related issues per customer request4.Co-work with EE/validation team to narrow down the issue", "tools": "C、C#", "skills": "不拘", "post_date": "更新日期：2017-06-15", "other_condition": "1.Familiar with x86 computer architecture, assembly and C/C++, having H/W experience is better2.At least 3 years of experience with UEFI System BIOS3.Experience with Intel Server platform BIOS development"}, {"title": "RD20080 韌體研發工程師(EC)", "url": "https://www.104.com.tw/job/?jobno=2typi&jobsource=n104bank1&hotjob_chr=", "company": "華碩電腦股份有限公司", "content": "1. NoteBook MCU 韌體開發2. ITE/ EnE/ Nuvoton embedded controllers 韌體開發3. 研究並發展出專案所需功能的韌體與測試軟體4. 開發韌體除錯所需的軟硬體工具", "tools": "C、C++、HTML、XML、Assembly", "skills": "不拘", "post_date": "更新日期：2017-06-12", "other_condition": "1. 大學以上電機、電子、機控、資工、資管等相關系所畢2. 熟悉C語言、X86或8051 組合語言3. 熟悉I2C, PWM, SMBu, SPI, JTAG規格者佳"}, {"title": "RD20048 韌體研發工程師BIOS", "url": "https://www.104.com.tw/job/?jobno=3x1wz&jobsource=n104bank1&hotjob_chr=", "company": "華碩電腦股份有限公司", "content": "1. 新一代韌體標準-UEFI開發實作.2. PC週邊裝置技術研究及軟體開發.3. 制訂華碩PC韌體規格.4. 華碩PC新技術及Prototype原型機韌體開發.5. Embedded system ARM-based 韌體開發.6. 人機介面開發及應用.7.各類作業系統底層驅動程式及工具程式開發.8.不定期參與國內外科技大廠技術研討會.9.演算法研究及應用(資料加密,解密,壓縮)10. 與晶片大廠(INTEL, nVidia, AMD...)合作開發次世代平台及先端技術.11.與微軟協同開發新世代作業系統所需之韌體介面.12. 網路協定研究及開發應用.", "tools": "C、C++、HTML、XML、Assembly", "skills": "不拘", "post_date": "更新日期：2017-06-12", "other_condition": "1. 大學以上電機、電子、資工、資管等相關系所畢2. 邏輯思考佳、具有團隊合作精神3. 熟悉C語言、X86或8051 組合語言；有韌體開發經驗者佳"}, {"title": "BIOS工程師", "url": "https://www.104.com.tw/job/?jobno=59xw5&jobsource=n104bank1&hotjob_chr=", "company": "宸曜科技股份有限公司", "content": "1.開發、維護以及改善主機板BIOS程式\n2.導入主機板相關零件控制方法\n3.負責BIOS程式偵錯與問題解決\n4.回覆客戶或相關部門BIOS技術問題\n5.協助產品應用工程師解決問題", "tools": "不拘", "skills": "不拘", "post_date": "更新日期：2017-06-05", "other_condition": "未填寫"}, {"title": "BIOS工程師", "url": "https://www.104.com.tw/job/?jobno=43l5r&jobsource=n104bank1&hotjob_chr=", "company": "超恩股份有限公司", "content": "1. 3年以上BIOS經驗，熟悉 x86系統架構，需有C/C++, ACPI-ASL 跟 Assembly 的經驗。\n2. 負責主機板BIOS(legacy and uEFI)之開發、維護、偵錯與問題解決。\n3. 跟內部相關工程部門需有良好的合作態度。\n4. 協助客製化BIOS之開發。\n5. 回覆客戶或相關部門BIOS技術問題。\n6. 熟ACPI, PCI/PCI-Express, SM-Bus 及 SIO specification 尤佳。\n7. 熟AMI code 經驗為佳。", "tools": "不拘", "skills": "不拘", "post_date": "更新日期：2017-05-25", "other_condition": "未填寫"}, {"title": "BIOS engineer", "url": "https://www.104.com.tw/job/?jobno=4g7yu&jobsource=n104bank1&hotjob_chr=", "company": "超恩股份有限公司", "content": "1. At least 3 years of experience with X86 system Legacy/uEFI BIOS porting/customization/debugging.\n2. Experienced in AMI BIOS is a plus.\n3. Familiar with computer architecture, C/C++, ACPI-ASL and Assembly.\n4. Co-work with internal hardware team and external vendor (AMI) to narrow down/sovle issues. \n5. Familiar with Intel VBIOS/GOP and Intel ME code configuration, experienced of SIO module code will be a plus.\n6. Can understand hardware schematics.\n7. Familiar with ACPI, PCI/PCI-Express, SMbus and SIO spec.", "tools": "不拘", "skills": "不拘", "post_date": "更新日期：2017-05-25", "other_condition": "未填寫"}, {"title": "BIOS工程師(士林)", "url": "https://www.104.com.tw/job/?jobno=10ck2&jobsource=n104bank1&hotjob_chr=", "company": "Inventec_英業達股份有限公司", "content": "1. 開發、維護以及改善主機板BIOS程式。2. 導入主機板相關零件控制方法。3. 負責BIOS程式偵錯與問題解決。4. 回覆客戶或相關部門BIOS技術問題。5. 協助FAE（field application engineer）解決問題。6. 撰寫產品使用手冊。", "tools": "C、C++、Assembly", "skills": "不拘", "post_date": "更新日期：2017-05-19", "other_condition": "電子電機、資工科系畢，擅長C語言、Assembly者，無經驗可。"}, {"title": "A0463 NB軟體設計主任/設計經理-BIOS(林口)", "url": "https://www.104.com.tw/job/?jobno=5hcaw&jobsource=n104bank1&hotjob_chr=", "company": "仁寶電腦工業股份有限公司", "content": "筆記型電腦系統BIOS/相關軟體及韌體之設計與開發。", "tools": "C、C++、Assembly", "skills": "不拘", "post_date": "更新日期：2017-05-16", "other_condition": "(1)對NB BIOS軟體設計或相關產品軟/韌體設計有興趣  (2)熟悉組合語言及C語言"}, {"title": "A0462 NB軟體設計工程師-BIOS(林口)", "url": "https://www.104.com.tw/job/?jobno=5fmnf&jobsource=n104bank1&hotjob_chr=", "company": "仁寶電腦工業股份有限公司", "content": "筆記型電腦系統BIOS/相關軟體及韌體之設計與開發。 (無相關經驗可，公司有完整培訓制度)", "tools": "C、C++、Assembly", "skills": "不拘", "post_date": "更新日期：2017-05-16", "other_condition": "(1)對NB BIOS軟體設計或相關產品軟/韌體設計有興趣  (2)熟悉組合語言及C語言"}, {"title": "BIOS工程師-3345", "url": "https://www.104.com.tw/job/?jobno=5gmqg&jobsource=n104bank1&hotjob_chr=", "company": "技嘉科技股份有限公司", "content": "電腦BIOS韌體設計、偵錯與問題解決", "tools": "C、C++、Assembly", "skills": "不拘", "post_date": "更新日期：2017-05-05", "other_condition": "未填寫"}, {"title": "RS170426-BIOS軟體工程師", "url": "https://www.104.com.tw/job/?jobno=nwb7&jobsource=n104bank1&hotjob_chr=", "company": "緯創資通股份有限公司", "content": "1. 熟PC架構, C/C++,  或 Assembley2. 有Phoenix/AMI BIOS 經驗者佳3. 具UEFI 經驗者佳4.大學以上電機/電子/資工/資訊相關科系畢.", "tools": "不拘", "skills": "不拘", "post_date": "更新日期：2017-05-04", "other_condition": "未填寫"}, {"title": "Logic Design Engineer", "url": "https://www.104.com.tw/job/?jobno=3wpg9&jobsource=n104bank1&hotjob_chr=", "company": "威鋒電子股份有限公司", "content": "SD or USB 3.0相關產品的設計.開發.偵錯及驗證", "tools": "不拘", "skills": "不拘", "post_date": "更新日期：2017-04-26", "other_condition": "未填寫"}, {"title": "課長/副理", "url": "https://www.104.com.tw/job/?jobno=5f7p8&jobsource=n104bank1&hotjob_chr=", "company": "凌華科技股份有限公司", "content": "1. 專案管理,工作分配及時程掌握2. 教導訓練部門同仁3. 溝通協調跨部門事宜4. 協助客戶服務支援5. 協助產品規格規劃", "tools": "不拘", "skills": "不拘", "post_date": "更新日期：2017-04-21", "other_condition": "1. 知識:熟C/C++,Assembly等相關程式語言2. 技能:熟AMI BIOS,uEFI BIOS3. 學習力強、配合度高及細心負責4. 穩定性高、抗壓性高及思慮縝密清晰5. 表達能力佳、具備溝通協調能力及應變能力"}, {"title": "A0407 NB軟體設計主任/設計經理-BIOS(平鎮)", "url": "https://www.104.com.tw/job/?jobno=5fmlu&jobsource=n104bank1&hotjob_chr=", "company": "仁寶電腦工業股份有限公司", "content": "專案規劃與產品開發(筆記型電腦系統BIOS/相關軟體及韌體設計)。", "tools": "C、C++、Assembly", "skills": "不拘", "post_date": "更新日期：2017-04-20", "other_condition": "(1)具備5年以上NB BIOS軟體設計或相關產品軟/韌體設計經驗(2)熟悉X86、組合語言及C語言(3)英文溝通能力佳"}, {"title": "D01-Sr. BIOS Engineer(土城)", "url": "https://www.104.com.tw/job/?jobno=52wak&jobsource=n104bank1&hotjob_chr=", "company": "鴻海精密工業股份有限公司", "content": "1. x86 platform technology feastibility study & planning\n2. UEFI firmware development \n3. UEFI firmware debug and maintenance", "tools": "不拘", "skills": "不拘", "post_date": "更新日期：2017-04-20", "other_condition": "1. C programming and compiler\n2. PC structure\n3. Video Conference/ Microsoft Lync 等通訊軟件\n4. Debug tool 技能加分(例：IDP、Protocol analyzer、示波器判讀、Logic analyzer)\n5. 4 年(含)以上BIOS 經驗\n6. 2 年(含)以上 uEFI經驗\n7. 2 年(含)以上 AMI AptioV經驗\n8. 分析和解決問題的能力"}, {"title": "NB BIOS工程師-9095", "url": "https://www.104.com.tw/job/?jobno=5dgz8&jobsource=n104bank1&hotjob_chr=", "company": "技嘉科技股份有限公司", "content": "1. 筆記型電腦BIOS韌體設計 2. 負責BIOS程式偵錯與問題解決3. 使用手冊撰寫 4. Utility&Debug tool開發 5. 熟悉 Assembly、C Language6. 熟AMI UEFI BIOS", "tools": "不拘", "skills": "不拘", "post_date": "更新日期：2017-03-15", "other_condition": "未填寫"}, {"title": "Embedded system 軟體測試工程師", "url": "https://www.104.com.tw/job/?jobno=34gll&jobsource=n104bank1&hotjob_chr=", "company": "博來科技股份有限公司", "content": "1.負責各式Embedded solution for X86 Platform (Linux , WES ,Android) Kernel Space module and User space program.2.學習各類 Bus & Interface protocol ,並撰寫各類型Driver 如 SMBus / I2C / SPI /PCI..3.需熟悉 C/C++4.具備JAVA及JSP經驗者亦可5.有心學習OS Kerenl and Driver Layer program 者尤佳", "tools": "DOS、FreeBSD、Linux、WIN CE、Windows 2000、Windows 2003、Windows 98、Windows NT、Windows Vista、Windows XP、Windows 7、Windows Server 2008、C、C++、JSP、Visual C++", "skills": "軟體程式設計、韌體程式設計、模組化系統設計", "post_date": "更新日期：2017-03-10", "other_condition": "未填寫"}, {"title": "【R&D】FW Engineer II (Advance Storage)", "url": "https://www.104.com.tw/job/?jobno=58bs6&jobsource=n104bank1&hotjob_chr=", "company": "喬鼎資訊股份有限公司", "content": "1.Embedded platform architecture development.", "tools": "Linux", "skills": "不拘", "post_date": "更新日期：2017-03-03", "other_condition": "1. C/C++/script programming, knowledge of computer architecture, Linux/Windows/MacOS/FreeBSD platform usage and application.2. Familiar with Linux kernel development and trouble shooting is a plus.3. Familiar with U-Boot, redboot, UEFI EDK, BIOS is a plus.4. Understanding schematic & LA debug tool is a plus.5. Verilog programming is a plus."}, {"title": "A0406 NB軟體設計工程師-BIOS(內湖)", "url": "https://www.104.com.tw/job/?jobno=h0z9&jobsource=n104bank1&hotjob_chr=", "company": "仁寶電腦工業股份有限公司", "content": "筆記型電腦系統BIOS/相關軟體及韌體之設計與開發。 (無相關經驗可，公司有完整培訓制度)", "tools": "C、C++、Assembly", "skills": "不拘", "post_date": "更新日期：2017-01-13", "other_condition": "(1)對NB BIOS軟體設計或相關產品軟/韌體設計有興趣  (2)熟悉組合語言及C語言"}, {"title": "嵌入式系統軟體工程師", "url": "https://www.104.com.tw/job/?jobno=37qha&jobsource=n104bank1&hotjob_chr=", "company": "MStar_晨星半導體股份有限公司", "content": "1、負責DTV/STB晶片驅動程式設計開發。2、負責Linux kernel相關應用與開發。3、負責DTV/STB晶片平台開發。", "tools": "Linux、Android、C、C++、Assembly、Drivers、Firmware", "skills": "作業系統基本操作、系統架構規劃、系統整合分析、軟體工程系統開發、韌體工程開發、軟體整合測試、韌體整合測試、軟體程式設計、韌體程式設計", "post_date": "更新日期：2017-01-09", "other_condition": "有以下經驗者尤佳：1、有driver或kernel (任何operating system) 或embedded system 開發相關經驗。2、熟悉Embedded Linux。3、熟悉ARM、MISP或其他RISC CPU架構。4、有DTV or STB晶片驅動或其系統軟體開發經驗。5、有平台架構規畫、評估與IC驗證經驗。6、有性能優化與除錯設計經驗。"}, {"title": "BIOS工程師", "url": "https://www.104.com.tw/job/?jobno=4bawd&jobsource=n104bank1&hotjob_chr=", "company": "瑞傳科技股份有限公司", "content": "專案BIOS功能開發/維護/技術支援", "tools": "C", "skills": "不拘", "post_date": "更新日期：2017-01-06", "other_condition": "1. 具BIOS開發相關經驗者佳2. 熟悉.x86系統與C語言架構者佳"}, {"title": "A0407 NB軟體設計主任-BIOS(內湖)", "url": "https://www.104.com.tw/job/?jobno=h0mf&jobsource=n104bank1&hotjob_chr=", "company": "仁寶電腦工業股份有限公司", "content": "專案規劃與產品開發(筆記型電腦系統BIOS/相關軟體及韌體設計)。", "tools": "C、C++、Assembly", "skills": "不拘", "post_date": "更新日期：2016-11-25", "other_condition": "(1)具備5年以上NB BIOS軟體設計或相關產品軟/韌體設計經驗(2)熟悉X86、組合語言及C語言(3)英文溝通能力佳"}, {"title": "BIOS 工程師", "url": "https://www.104.com.tw/job/?jobno=25kr1&jobsource=n104bank1&hotjob_chr=", "company": "鴻海精密工業股份有限公司", "content": "1.BIOS 研發時程及可行性評估\n2.BIOS 規格的制定\n3.BIOS 的研發、更新、維護", "tools": "不拘", "skills": "不拘", "post_date": "更新日期：2016-11-21", "other_condition": "．具電腦程式語言，韌體設計經驗\n．3年以上D/T、NB、Sever主機板BIOS設計及除錯經驗"}, {"title": "BIOS資深工程師", "url": "https://www.104.com.tw/job/?jobno=2o9tv&jobsource=n104bank1&hotjob_chr=", "company": "鴻海精密工業股份有限公司", "content": "1. uFEI BIOS porting2. BIOS debug", "tools": "不拘", "skills": "不拘", "post_date": "更新日期：2016-11-21", "other_condition": "1. 熟悉C/C++Programming2. 有相關工作經驗者優先錄取"}, {"title": "BIOS工程師-1", "url": "https://www.104.com.tw/job/?jobno=2p15f&jobsource=n104bank1&hotjob_chr=", "company": "鴻海精密工業股份有限公司", "content": "1. Support bring-up2. Create a bootleg BIOS for SI, thermal team ...3. Troubleshoot BIOS related issues per customer request4. Co-work with EE/validation team to narrow down issues5. Port platform related codes and release BIOS", "tools": "不拘", "skills": "不拘", "post_date": "更新日期：2016-11-21", "other_condition": "1. Familiar with AMI UEFI BIOS.2. Customize BIOS features development in experience."}, {"title": "BIOS工程師(天津)", "url": "https://www.104.com.tw/job/?jobno=3ridn&jobsource=n104bank1&hotjob_chr=", "company": "鴻海精密工業股份有限公司", "content": "1. UEFI BIOS研發2. 伺服器BIOS功能開發及除錯3. 參與專案會議", "tools": "不拘", "skills": "不拘", "post_date": "更新日期：2016-11-21", "other_condition": "1. 熟悉PC架構, 需有3年以上BIOS開發經驗2. 熟悉Assemble/C語言3. 有伺服器工作經驗及管理經驗者優先錄取4. 目前須中長期工作於China, 將來會在工作地點以台北為主"}, {"title": "BIOS工程師-2", "url": "https://www.104.com.tw/job/?jobno=4gqex&jobsource=n104bank1&hotjob_chr=", "company": "鴻海精密工業股份有限公司", "content": "1. Develop common customize BIOS features.2. Develop platform porting features.3. Co-work with chipset vendor for resolving chipset issue.4. Co-work with BIOS vendor for resolving the AMI kernel code issue.5. BIOS diagnostic tool development", "tools": "不拘", "skills": "不拘", "post_date": "更新日期：2016-11-21", "other_condition": "1. Familiar with AMI UEFI BIOS.2. Customize BIOS features development in experience."}]}